{"cameraMode":{"drawMode":0,"name":"Shaded","section":"Shading Mode"},"sceneLighting":true,"audioPlay":false,"sceneViewState":{"m_AlwaysRefresh":false,"showFog":true,"showSkybox":true,"showFlares":true,"showImageEffects":true,"showParticleSystems":true,"showVisualEffectGraphs":true,"m_FxEnabled":true},"in2DMode":false,"pivot":{"x":-0.21760767698287965,"y":2.6198606491088869,"z":-0.4427880048751831},"rotation":{"x":-0.07673773914575577,"y":0.0035878808703273536,"z":-0.00022538479242939502,"w":-0.9970942735671997},"size":2.7247447967529299,"orthographic":false}